{"cameraMode":{"drawMode":0,"name":"Shaded","section":"Shading Mode"},"sceneLighting":false,"audioPlay":false,"sceneViewState":{"m_AlwaysRefresh":false,"showFog":true,"showSkybox":false,"showFlares":true,"showImageEffects":true,"showParticleSystems":true,"showVisualEffectGraphs":true,"m_FxEnabled":true},"in2DMode":false,"pivot":{"x":-16.92082977294922,"y":-10.426692962646485,"z":36.11460876464844},"rotation":{"x":0.7967173457145691,"y":0.005438705440610647,"z":-0.007170649711042643,"w":0.6042841672897339},"size":1.7358680963516236,"orthographic":true}