{"cameraMode":{"drawMode":0,"name":"Shaded","section":"Shading Mode"},"sceneLighting":true,"audioPlay":false,"sceneViewState":{"m_AlwaysRefresh":false,"showFog":true,"showSkybox":true,"showFlares":true,"showImageEffects":true,"showParticleSystems":true,"showVisualEffectGraphs":true,"m_FxEnabled":true},"in2DMode":false,"pivot":{"x":0.7818952798843384,"y":-0.018171072006225587,"z":-0.4581536054611206},"rotation":{"x":0.12848211824893952,"y":-0.8321897983551025,"z":0.2163950502872467,"w":0.4940955340862274},"size":1.9702576398849488,"orthographic":false}