{"cameraMode":{"drawMode":0,"name":"Shaded","section":"Shading Mode"},"sceneLighting":true,"audioPlay":false,"sceneViewState":{"m_AlwaysRefresh":false,"showFog":true,"showSkybox":true,"showFlares":true,"showImageEffects":true,"showParticleSystems":true,"showVisualEffectGraphs":true,"m_FxEnabled":true},"in2DMode":false,"pivot":{"x":-20.681011199951173,"y":0.8216765522956848,"z":19.80902099609375},"rotation":{"x":0.05716504901647568,"y":-0.2691473960876465,"z":0.016004936769604684,"w":0.9612739682197571},"size":3.481405258178711,"orthographic":false}