{"cameraMode":{"drawMode":0,"name":"Shaded","section":"Shading Mode"},"sceneLighting":true,"audioPlay":false,"sceneViewState":{"m_AlwaysRefresh":false,"showFog":true,"showSkybox":true,"showFlares":true,"showImageEffects":true,"showParticleSystems":true,"showVisualEffectGraphs":true,"m_FxEnabled":true},"in2DMode":false,"pivot":{"x":-0.8630918860435486,"y":0.7941284775733948,"z":1.1579136848449708},"rotation":{"x":0.12848211824893952,"y":-0.8321897983551025,"z":0.2163950502872467,"w":0.4940955340862274},"size":2.5422987937927248,"orthographic":false}