{"cameraMode":{"drawMode":0,"name":"Shaded","section":"Shading Mode"},"sceneLighting":true,"audioPlay":false,"sceneViewState":{"m_AlwaysRefresh":false,"showFog":true,"showSkybox":true,"showFlares":true,"showImageEffects":true,"showParticleSystems":true,"showVisualEffectGraphs":true,"m_FxEnabled":true},"in2DMode":false,"pivot":{"x":-13.940350532531739,"y":0.464916467666626,"z":15.89421558380127},"rotation":{"x":0.09248390048742295,"y":-0.4433526396751404,"z":0.04605141282081604,"w":0.8903694748878479},"size":1.3371617794036866,"orthographic":false}