{"cameraMode":{"drawMode":0,"name":"Shaded","section":"Shading Mode"},"sceneLighting":true,"audioPlay":false,"sceneViewState":{"m_AlwaysRefresh":false,"showFog":true,"showSkybox":true,"showFlares":true,"showImageEffects":true,"showParticleSystems":true,"showVisualEffectGraphs":true,"m_FxEnabled":true},"in2DMode":false,"pivot":{"x":2.7295644283294679,"y":2.8829092979431154,"z":0.890650749206543},"rotation":{"x":0.1244116723537445,"y":-0.8573355674743652,"z":0.24504365026950837,"w":0.43527644872665408},"size":0.6302269101142883,"orthographic":false}