{"cameraMode":{"drawMode":0,"name":"Shaded","section":"Shading Mode"},"sceneLighting":true,"audioPlay":false,"sceneViewState":{"m_AlwaysRefresh":false,"showFog":true,"showSkybox":true,"showFlares":true,"showImageEffects":true,"showParticleSystems":true,"showVisualEffectGraphs":true,"m_FxEnabled":true},"in2DMode":false,"pivot":{"x":9.260592460632325,"y":-0.23981985449790955,"z":0.7599625587463379},"rotation":{"x":0.4184800982475281,"y":0.09642619639635086,"z":-0.04473736882209778,"w":0.901984453201294},"size":1.1119006872177125,"orthographic":false}